,Count,Type
http://www.caaquebec.com/,48,Product
https://www.caaquebec.com/,31,Product
https://www.caaquebec.com/fr/sur-la-route/interets-publics/les-pires-routes/,11,Campaign
https://www.caaquebec.com/fr/,10,Product
http://www.caaquebec.com/Accueil/,8,Product
https://www.caaquebec.com/en/,7,Product
https://www.caaquebec.com/en/on-the-road/advice/tips-and-tricks/tip-and-trick/show/sujet/windshield-wipers-everything-you-need-to-know/,6,Blog
https://www.caaquebec.com/fr/actualite/nouvelles/article/pneus-dhiver-cest-pas-ce-que-je-cherche/,6,Campaign
https://www.caaquebec.com/fr/sur-la-route/interets-publics/les-pires-routes/palmares-2022-par-regions/,5,Campaign
https://www.caaquebec.com/fr,5,
https://www.caaquebec.com/fr/sur-la-route/interets-publics/dossier-essence/composantes-du-prix-de-lessence/,5,Blog
https://www.caaquebec.com/fr/nous-joindre/centres-dinspection-automobile/,5,Product
https://www.caaquebec.com/fr/sur-la-route/interets-publics/dossier-essence/info-essence/,5,Tool
https://www.caaquebec.com/en/on-the-road/advice/tips-and-tricks/tip-and-trick/show/sujet/driving-an-electric-vehicle-in-winter/,4,Blog
https://www.caaquebec.com/en/on-the-road/approved-auto-repair-services/,4,Product
https://www.caaquebec.com/fr/sur-la-route/interets-publics/les-pires-routes/palmares-2016-par-regions/,4,Campaign
http://www.caaquebec.com/Accueil/Index.htm?lang=en,4,Product
https://www.caaquebec.com/en/on-the-road/advice/tips-and-tricks/tip-and-trick/show/sujet/save-money-on-gas-15-simple-things-you-can-start-doing-today/,4,Blog
https://www.caaquebec.com/en/news/press-releases/article/speeding-in-school-zones-is-spine-chilling,3,Campaign
https://www.caaquebec.com/en/at-home/guides/reshingling-your-roof/identifying-the-parts-of-the-roof-and-understanding-their-functions/,3,Blog
http://www.caaquebec.com/fileadmin/documents/PDF/Sur_la_route/Hotels_et_restaurants/Criteres_approbation_hotel_en.pdf,3,Campaign
https://www.caaquebec.com/fr/a-la-maison/guides/guide-des-insectes-nuisibles/la-fourmi/,3,Blog
https://www.caaquebec.com/fr/a-la-maison/conseils/capsules-conseils/conseil/show/sujet/consommation-deau-dans-la-maison-maison-ecoleau/,3,Blog
https://www.caaquebec.com/en/on-the-road/public-interest/worst-roads/,3,Campaign
https://www.caaquebec.com/en/at-home/advice/tips-and-tricks/tip-and-trick/show/sujet/heating-with-oil/,3,Blog
https://www.caaquebec.com/en/news/press-releases/article/the-myth-is-true-quebec-has-the-worst-roads/,3,Campaign
https://www.caaquebec.com/en/on-the-road/public-interest/gasoline-matters/gasoline-watch/,3,Campaign
https://www.caaquebec.com/fr/sur-la-route/services/verification-de-sieges-dauto-pour-enfants/,2,Campaign
https://www.caaquebec.com/fr/sur-la-route/reseaux-recommandes/garages-recommandes/,2,Tool
https://www.caaquebec.com/Habitation/TrucsEtConseils/CapsulesConseilsDetail.htm?lang=en&tipsid=e7d50107-568b-406a-8587-c58fdd8c35b1&highlightpostinginnavigation=06d0afb5-44cd-4577-83ab-ac1a9441fb9d,2,Blog
https://www.caaquebec.com/fileadmin/documents/PDF/Sur_la_route/Securite_routiere/Pneus_dhiver_en_ETE_Version_finale_Septembre_2008ABANG.pdf,2,Campaign
https://www.caaquebec.com/en,2,Product
https://www.caaquebec.com/fr/a-la-maison/entreprises-recommandees/,2,Partnership
https://www.caaquebec.com/fr/sur-la-route/conseils/,2,Blog
https://www.caaquebec.com/en/storage/graffiti-some-tips-for-prevention-and-cleaning/winter-driving-tips/,2,Blog
https://www.caaquebec.com/fr/a-la-maison/,2,Product
http://www.caaquebec.com/DocumentLibrary/UploadedContents/RoadTestAttachment/KiaRioLS2001_0.pdf,2,Campaign
https://www.caaquebec.com/fr/actualite/communiques-de-presse/article/si-javais-les-ailes-dun-ange-je-partirais-pour-le-quebec/,2,Campaign
https://www.caaquebec.com/en/caa-quebec-foundation/,2,Product
https://www.caaquebec.com/en/on-the-road/advice/tips-and-tricks/tip-and-trick/show/sujet/driving-on-winter-tires-in-summer-a-risky-venture/,2,Blog
https://www.caaquebec.com/en/on-the-road/advice/tips-and-tricks/tip-and-trick/show/sujet/thinking-of-buying-a-vehicle-in-the-us/,2,Blog
https://www.caaquebec.com/fr/gerer-mon-adhesion/modifier-votre-adhesion/,2,Product
https://www.caaquebec.com/fr/sur-la-route/reseaux-recommandes/verification-de-sieges-dauto-pour-enfants/,2,Campaign
https://www.caaquebec.com/fr/sur-la-route/services/immatriculation-et-permis-de-conduire/,2,Campaign
https://www.caaquebec.com/en/at-home/advice/tips-and-tricks/tip-and-trick/show/sujet/closing-the-cottage/,2,Blog
https://www.caaquebec.com/en/at-home/advice/tools-and-references/radon-in-the-house/,2,Blog
https://www.caaquebec.com/fr/a-la-maison/guides/refaire-ma-toiture-de-bardeaux/evaluer-letat-de-ma-toiture/,2,Blog
https://www.caaquebec.com/en/at-home/advice/tips-and-tricks/tip-and-trick/show/sujet/inspecting-a-flat-roof/,1,Blog
https://www.caaquebec.com/en/at-home/advice/tips-and-tricks/tip-and-trick/show/sujet/foundation-parging-decorative-but-functional-as-well/,1,Blog
http://www.caaquebec.com/Automobile/GaragesRecommandes/Garages-Recommandes.htm,1,Campaign
https://www.caaquebec.com/fr/fondation-caa-quebec/grands-dossiers/ethylometres/elimination-de-lalcool-cinq-mythes-deboulonnes,1,Blog
https://www.caaquebec.com/fr/sur-la-route/interets-publics/dossier-essence/composantes-du-prix-de-lessence,1,Blog
https://www.caaquebec.com/fr/a-la-maison/conseils/outils-et-references/outils-pratiques/,1,Blog
https://www.caaquebec.com/fr/a-la-maison/conseils/capsules-conseils/conseil/show/sujet/lasphaltage-dune-entree-pour-des-resultats-durables/,1,Blog
https://www.caaquebec.com/fr/covid-19-coronavirus-sante-et-securite-avant-tout/,1,Campaign
https://www.caaquebec.com/fr/a-la-maison/conseils/capsules-conseils/conseil/show/sujet/drain-de-fondation-problemes-et-solutions/,1,Blog
http://www.caaquebec.com/en,1,Product
https://www.caaquebec.com/en/at-home/advice/tips-and-tricks/tip-and-trick/show/sujet/soundproofing-strategies-for-reducing-noise-between-floors/,1,Blog
https://www.caaquebec.com/fileadmin/documents/PDF/assurances/Transport_Accident_Insurance_Plus_Policy_Oct21.pdf,1,Product
https://www.caaquebec.com/en/on-the-road/advice/tips-and-tricks/tip-and-trick/show/sujet/pothole-damage-claims-and-compensation/,1,Blog
https://www.caaquebec.com/fr/application-mobile/,1,Product
https://www.caaquebec.com/fr/sur-la-route/services/service-routier-durgence/,1,Campaign
https://www.caaquebec.com/en/on-the-road/guides/buying-or-leasing-my-car/new-or-used-how-to-choose/,1,Blog
https://www.caaquebec.com/en/at-home/advice/tips-and-tricks/tip-and-trick/show/sujet/ladders-and-stepladders-101/,1,Blog
https://www.caaquebec.com/caa-dollars-and-discounts/trouvez-des-rabais/garages-recommandes/atelier-mecanique-de-normandie-inc/,1,Tool
https://www.caaquebec.com/en/for-your-insurance/tips/tips-and-tricks/sujet/car-theft-and-insurance-what-is-the-procedure-to-follow/,1,Blog
https://www.caaquebec.com/en/for-your-insurance/tips/tips-and-tricks/sujet/motorcycle-insurance-the-whole-story/,1,Blog
https://www.caaquebec.com/en/at-home/guides/your-healthy-home-guide/radon/,1,Blog
http://www.caaquebec.com/DocumentLibrary/UploadedContents/RoadTestAttachment/kia-rondo-2007-fr_0.pdf,1,Campaign
https://www.caaquebec.com/fr/sur-la-route/services/sieges-dauto-pour-enfants,1,Campaign
https://www.caaquebec.com/fr/actualite/communiques-de-presse/intentions-de-vacances-estivales-2019-resultats/,1,Campaign
https://www.caaquebec.com/fr/a-la-maison/conseils/capsules-conseils/conseil/show/sujet/guide-dachat-des-produits-deglacants,1,Blog
https://www.caaquebec.com/fr/vos-privileges/rabais-caa/detail/privilege/aquarium-du-quebec/,1,Partnership
https://www.caaquebec.com/en/news/news/article/new-study-and-ranking-to-answer-concerns-about-rust/,1,Campaign
https://www.caaquebec.com/nc/fr/a-la-maison/conseils/capsules-conseils/conseil/show/sujet/les-humidificateurs-portatifs/,1,Blog
https://www.caaquebec.com/fr/sur-la-route/interets-publics/dossier-essence/info-essence-1,1,Tool
https://www.caaquebec.com/en/on-the-road/advice/tips-and-tricks/tip-and-trick/show/sujet/effective-ways-to-lower-your-fuel-costs/,1,Blog
https://www.caaquebec.com/en/on-the-road/public-interest/road-safety/photo-radar-and-red-light-cameras/,1,Campaign
https://www.caaquebec.com/fr/auto/conseils/capsules-conseils/conseil/show/sujet/economiser-sur-lessence-15-trucs-simples-a-mettre-en-pratique/,1,Blog
https://www.caaquebec.com/index.php?id=7294,1,Campaign
http://www.caaquebec.com/Habitation/?lang=fr,1,Product
https://www.caaquebec.com/fr/a-la-maison/conseils/outils-et-references/du-radon-dans-la-maison/dosimetres-et-autres-instruments-de-mesure-pour-le-radon/,1,Blog
http://www.caaquebec.com/Habitation/TrucsEtConseils/CapsulesConseilsDetail.htm?lang=fr&TipsID=4507fe36-3074-4c76-83f3-9207fc26de57,1,Blog
http://www.caaquebec.com/Habitation/,1,Product
https://www.caaquebec.com/en/on-the-road/services/child-car-seat-verification-network/,1,Campaign
https://www.caaquebec.com/en/at-home/advice/tips-and-tricks/tip-and-trick/show/sujet/assessing-the-potential-health-risks-of-basements/,1,Blog
https://www.caaquebec.com/en/pour-vos-assurances/assurance-auto/,1,Product
https://www.caaquebec.com/en/on-the-road/advice/tips-and-tricks/tip-and-trick/show/sujet/mandatory-winter-tires-important-clarifications/,1,Blog
https://www.caaquebec.com/fr/auto/conseils/capsules-conseils/conseil/show/sujet/dommages-causes-par-un-nid-de-poule-quels-sont-vos-recours/,1,Blog
https://www.caaquebec.com/fr/pour-vos-assurances/conseils/conseil/sujet/assurance-vie-collective-ou-individuelle-quelles-sont-les-differences/,1,Blog
https://www.caaquebec.com/fr/sur-la-route/conseils/essais-routiers/,1,Blog
https://www.caaquebec.com/en/for-your-insurance/tips/tips-and-tricks/sujet/preparing-your-auto-insurance-quote-request/,1,Blog
https://www.caaquebec.com/fr/a-la-maison/conseils/capsules-conseils/conseil/show/sujet/moustiques-et-mouches-noires-comment-les-tenir-a-distance/,1,Blog
http://www.caaquebec.com/DocumentLibrary/UploadedContents/RoadTestAttachment/ToyotaYaris2007_1.pdf,1,Campaign
https://www.caaquebec.com/fr/rabais-et-dollars-caa/trouver-des-rabais/entreprises-recommandees/a-bas-prix-extermination-inc/,1,Partnership
https://www.caaquebec.com/en/for-your-insurance/car/videos-to-demystify-your-auto-insurance/,1,Blog
https://www.caaquebec.com/fr/a-la-maison/conseils/capsules-conseils/conseil/show/sujet/les-champs-electromagnetiques-et-la-sante/,1,Blog
https://www.caaquebec.com/fr/auto/conseils/capsules-conseils/conseil/show/sujet/nids-de-poule-les-bris-les-plus-frequents-sur-votre-voiture/,1,Blog
https://www.caaquebec.com/fr/sur-la-route/conseils/outils-et-references/couts-dutilisation-des-vehicules/,1,Blog
https://www.caaquebec.com/fr/actualite/communiques-de-presse/article/nouveau-a-caa-quebec-lassistance-velo/,1,Campaign
https://www.caaquebec.com/en/news/news/article/votre-permis-de-conduire-valide-aux-etats-unis-tout-a-fait/,1,Campaign
https://www.caaquebec.com/en/on-the-road/advice/tips-and-tricks/tip-and-trick/show/sujet/potholes-the-most-likely-types-of-damage-to-your-car/,1,Blog
https://www.caaquebec.com/fr/a-la-maison/conseils/capsules-conseils/conseil/show/sujet/echelles-et-escabeaux-101/,1,Blog
https://www.caaquebec.com/fr/a-la-maison/guides/guide-des-animaux-envahissants/la-souris-et-le-rat/,1,Blog
https://www.caaquebec.com/fr/a-la-maison/conseils/capsules-conseils/conseil/show/sujet/detecteurs-de-fumee-et-de-monoxyde-de-carbone/,1,Blog
https://www.caaquebec.com/fr/a-la-maison/conseils/outils-et-references/du-radon-dans-la-maison/,1,Blog
http://www.caaquebec.com/fr,1,Product
http://www.caaquebec.com/Habitation/TrucsEtConseils/CapsulesConseilsDetail.htm?TipsID=11dc9cb2-b2ce-4c4a-ad89-7379540b7da2&lang=en,1,Blog
https://www.caaquebec.com/fr/a-la-maison/conseils/capsules-conseils/conseil/show/sujet/moisissures-dans-votre-maison-il-faut-les-eliminer,1,Blog
https://www.caaquebec.com/fr/a-la-maison/conseils/capsules-conseils/conseil/show/sujet/toilette-a-faible-debit-deau-bien-la-choisir/,1,Blog
https://www.caaquebec.com/fr/a-la-maison/conseils/capsules-conseils/conseil/show/sujet/evaluation-immobiliere-limpartialite-est-un-gage-de-qualite/,1,Blog
https://www.caaquebec.com/en/on-the-road/advice/tips-and-tricks/tip-and-trick/show/sujet/five-questions-to-ask-yourself-before-buying-your-first-electric-vehicle/,1,Blog
https://www.caaquebec.com/anticongestion,1,Campaign
https://www.caaquebec.com/fr/en-voyage/voyages-en-avion-droits-et-recours/,1,Blog
https://www.caaquebec.com/fr/sur-la-route/garages-recommandes/,1,Tool
https://www.caaquebec.com/fr/rabais-et-dollars-caa/trouver-des-rabais/assurance-voyage-caa-quebec/,1,Product
https://www.caaquebec.com/fr/a-la-maison/conseils/capsules-conseils/conseil/show/sujet/vendre-sa-maison-soi-meme-quelques-conseils/,1,Blog
http://www.caaquebec.com/en/on-the-road/services/child-car-seat/,1,Campaign
https://www.caaquebec.com/en/news/press-releases/article/idp-state-of-georgia-follows-up-on-requests-from-caa-quebec/,1,Campaign
https://www.caaquebec.com/en/at-home/advice/tips-and-tricks/tip-and-trick/show/sujet/chimney-cleaning-more-than-just-a-simple-sweep/,1,Blog
http://www.caaquebec.com/Automobile/GaragesRecommandes/Garages-Recommandes.htm?&MSHiC=65001&L=4&W=GARAGE%20GARAGES%20GARAGISTE%20RECOMMAND%C3%89%20RECOMMAND%C3%89E%20RECOMMAND%C3%89ES%20RECOMMAND%C3%89S%20RECOMMANDAIT%20RECOMMANDATION%20RECOMMANDATIONS%20RECOMMANDENT%20RECOMMANDERA%20RECOMMANDONS%20&Pre=%3CFONT%20STYLE%3D%22color%3A%20%23000000%3B%20background-color%3A%20%23FFFF00%22%3E&Post=%3C/FONT%3E&lang=fr,1,Campaign
https://www.caaquebec.com/en/at-home/guides/your-healthy-home-guide/temperature-and-humidity-variations/,1,Blog
https://www.caaquebec.com/nc/en/at-home/advice/tips-and-tricks/tips-and-tricks/show/sujet/keys-to-a-long-lasting-car-shelter-quality-materials-careful-handling/,1,Blog
https://www.caaquebec.com/en/at-home/advice/tips-and-tricks/tip-and-trick/show/sujet/hrv-or-erv-which-ventilation-system-to-choose/,1,Blog
https://www.caaquebec.com/fr/actualite/communiques-de-presse/article/lassurance-voyage-cest-requis-au-canada-aussi/,1,Campaign
https://www.caaquebec.com/fr/actualite/nouvelles/article/35-degres-dehors-66-degres-dans-lauto/,1,Campaign
https://www.caaquebec.com/fr/sur-la-route/services/assistance-velo/?itcid=assistance-velo&itccat=accroches,1,Campaign
http://www.caaquebec.com/fr/a-la-maison/conseils/capsules-conseils/conseil/show/sujet/hotte-de-cuisiniere-incontournable-pour-la-qualite-de-lair/,1,Blog
https://www.caaquebec.com/en/news/press-releases/article/caa-quebec-lance-la-semaine-nationale-de-prise-de-rendez-vous-pour-les-pneus-dhiver/,1,Campaign
https://www.caaquebec.com/en/on-the-road/advice/tips-and-tricks/tip-and-trick/show/sujet/spring-cleaning-for-your-vehicle/,1,Blog
http://www.caaquebec.com/Assurances/AssuranceHabitation/?lang=en,1,Partnership
https://www.caaquebec.com/en/for-your-insurance/tips/tips-and-tricks/sujet/10-beach-safety-tips/,1,Blog
https://www.caaquebec.com/fr/auto/conseils/capsules-conseils/conseil/show/sujet/carrefour-giratoire-101/,1,Blog
https://www.caaquebec.com/en/on-the-road/advice/tips-and-tricks/tip-and-trick/show/sujet/used-electric-vehicles-buying-guide/,1,Blog
https://www.caaquebec.com/en/news/news/article/les-vehicules-de-forte-cylindree-nechappent-pas-a-la-hausse/,1,Campaign
http://www.caaquebec.com/Habitation/TrucsEtConseils/CapsulesConseilsDetail.htm?lang=fr&tipsid=808992c5-3189-4c0c-936d-3f67b85fc637&highlightpostinginnavigation=06d0afb5-44cd-4577-83ab-ac1a9441fb9d,1,Blog
https://www.caaquebec.com/en/at-home/advice/tips-and-tricks/tip-and-trick/show/sujet/problem-with-woodlice-this-advice-should-suffice/,1,Blog
https://www.caaquebec.com/fr/sur-la-route/conseils/outils-et-references/rappels-automobiles/,1,Blog
https://www.caaquebec.com/fr/a-la-maison/conseils/capsules-conseils/conseil/show/sujet/biens-abimes-lors-dun-demenagement-qui-paiera-la-note/,1,Blog
http://www.caaquebec.com/Accueil/Automobile/CapsulesConseilsDetail.htm?TipsID=a9f060fe-24ee-4a97-a074-dffbb67d9f3b,1,Product
http://www.caaquebec.com/NR/rdonlyres/13A3F0E9-DB9F-4933-BF85-BE0A0012BD38/0/CoutUtilisationAutomobileFrfev2009.pdf,1,Blog
http://www.caaquebec.com/Automobile/TrucsConseils/CapsulesConseilsDetail.htm?lang=en&tipsid=a1e55ecb-258f-4fe8-8f6a-e2a02fa18578&highlightpostinginnavigation=e9bd5b34-6be2-4215-bbfc-325c6a343acf,1,Blog
http://www.caaquebec.com/fr/automobile/esprit_tranquille.asp,1,Blog
https://www.caaquebec.com/fr/actualite/nouvelles/article/prix-dune-voiture-electrique-vs-a-essence-vous-pourriez-etre-surpris/,1,Campaign
https://www.caaquebec.com/en/caa-dollars-and-discounts/earn-caa-dollars/,1,Partnership
https://www.caaquebec.com/fr/sur-la-route/interets-publics/mobilite-durable/bornes-de-recharge-publiques-pour-voitures-electriques/,1,Product
https://www.caaquebec.com/fr/auto/conseils/capsules-conseils/conseil/show/sujet/quoi-faire-avec-votre-voiture-en-pleine-crise-de-la-covid-19/,1,Blog
http://www.caaquebec.com/en/automobile/carburant_conseils.asp,1,Blog
https://www.caaquebec.com/en/at-home/advice/tips-and-tricks/tip-and-trick/show/sujet/household-water-consumption-maison-ecoleau/,1,Blog
https://www.caaquebec.com/en/on-the-road/guides/buying-or-leasing-my-car/maintenance-when-and-how/,1,Blog
https://www.caaquebec.com/fr/auto/conseils/capsules-conseils/conseil/show/sujet/preparer-sa-voiture-pour-lhiver/,1,Blog
https://www.caaquebec.com/fr/sur-la-route/services/mediation-en-cas-de-differend-avec-un-commercant/entente-avec-lamvoq/,1,Campaign
https://www.caaquebec.com/fileadmin/documents/PDF/Sur_la_route/Couts_utilisation/2013_CAA_Driving_Costs_French.pdf,1,Campaign
https://www.caaquebec.com/fr/pour-vos-assurances/assurance-voyage/assurance-voyage-canadream,1,Product
https://www.caaquebec.com/en/news/news/article/caa-quebec-charges-electric-vehicles-on-the-road-1/,1,Campaign
https://www.caaquebec.com/index.php?id=7611,1,Campaign
http://www.caaquebec.com/Accueil/?lang=en,1,Product
https://www.caaquebec.com/fr/sur-la-route/services/estimation-de-la-valeur-dun-vehicule-doccasion/,1,Campaign
https://www.caaquebec.com/en/at-home/guides/reshingling-your-roof/evaluating-the-condition-of-your-roof/,1,Blog
https://www.caaquebec.com/fr/a-la-maison/conseils/capsules-conseils/conseil/show/sujet/bien-choisir-votre-cloture-et-linstaller/,1,Blog
http://www.caaquebec.com/infoessence/fr/,1,Tool
https://www.caaquebec.com/en/news/news/article/le-formulaire-8840-un-essentiel-apres-plusieurs-longs-sejours-aux-etats-unis/,1,Campaign
https://www.caaquebec.com/fr/actualite/communiques-de-presse/article/conduite-avec-les-facultes-affaiblies-plus-de-6000-pour-une-1re-condamnation/,1,Campaign
https://www.caaquebec.com/en/news/news/article/canadians-unclear-about-true-cost-of-owning-a-vehicle/,1,Campaign
https://www.caaquebec.com/en/for-your-travels/air-travel-rights-and-recourse,1,Blog
http://www.caaquebec.com/AProposDeNous/Hotels-Restaurants-Recommandes/?lang=en,1,Campaign
https://www.caaquebec.com/fileadmin/documents/PDF/Sur_la_route/Securite_routiere/Pneus_dhiver_en_ete_Version_finale_Septembre_2008.pdf,1,Campaign
https://www.caaquebec.com/en/at-home/advice/tips-and-tricks/tip-and-trick/show/sujet/dead-leaves-a-useful-natural-resource/,1,Blog
https://www.caaquebec.com/en/on-the-road/advice/tips-and-tricks/tip-and-trick/show/sujet/the-winter-tire-exemption-practical-in-many-cases/,1,Blog
https://www.caaquebec.com/fr/sur-la-route/interets-publics/les-pires-routes/palmares-2021-par-regions/,1,Campaign
http://www.caaquebec.com/fr/automobile/no_fault.asp,1,Blog
https://www.caaquebec.com/en/on-the-road/advice/tips-and-tricks/tip-and-trick/show/sujet/hydroplaning-a-tricky-situation/,1,Blog
http://www.caaquebec.com/nids/en/nids.asp,1,Campaign
http://www.caaquebec.com/DocumentLibrary/UploadedContents/RoadTestAttachment/2002InfI35_0.pdf,1,Campaign
https://www.caaquebec.com/en/for-your-insurance/tips/tips-and-tricks/sujet/cancer-and-travel-insurance-can-you-get-coverage/,1,Blog
https://www.caaquebec.com/fr/a-la-maison/guides/guide-pour-une-maison-en-sante/les-produits-toxiques/,1,Blog
https://www.caaquebec.com/fileadmin/documents/PDF/Magazine_CAA-Quebec/Magazine_CAA_Quebec_Summer_2017_EN.pdf,1,Campaign
http://www.caaquebec.com/Voyage,1,Tool
https://www.caaquebec.com/en/on-the-road/advice/tips-and-tricks/tip-and-trick/show/sujet/winter-driving-tips/,1,Blog
https://www.caaquebec.com/fileadmin/documents/PDF/Sur_la_route/Securite_routiere/GuidePratiqueAines2.pdf,1,Campaign
https://www.caaquebec.com/fr/a-la-maison/conseils/capsules-conseils/conseil/show/sujet/le-clapet-anti-retour-un-aller-simple-pour-les-eaux-usees/,1,Blog
http://www.caaquebec.com/AProposDeNous/GrandsDossiers/SubstitutEssence.htm?lang=en,1,Blog
https://www.caaquebec.com/fr/a-la-maison/conseils/capsules-conseils/conseil/show/sujet/comment-choisir-un-exterminateur/,1,Blog
https://www.caaquebec.com/en/news/news/article/une-etude-et-un-palmares-pour-contrer-la-rouille/,1,Campaign
http://www.caaquebec.com/nids/fr/nids.asp?action=retour,1,Campaign
https://www.caaquebec.com/en/at-home/guides/reshingling-your-roof/evaluating-the-condition-of-your-roof,1,Blog
https://www.caaquebec.com/en/terms-for-the-use-of-this-website/,1,Product
https://www.caaquebec.com/en/at-home/advice/tips-and-tricks/tip-and-trick/show/sujet/blue-green-algae-clear-solutions-for-troubled-waters/,1,Blog
https://www.caaquebec.com/fr/rabais-et-dollars-caa/trouver-des-rabais/couche-tard/,1,Product
https://www.caaquebec.com/fr/a-la-maison/conseils/capsules-conseils/conseil/show/sujet/achat-ou-location-dun-abri-dauto-installation-et-entretien/,1,Blog
https://www.caaquebec.com/en/on-the-road/advice/tips-and-tricks/tip-and-trick/show/sujet/sticking-accelerator-pedal-safety-tips-reminder/,1,Blog
https://www.caaquebec.com/fr/emplois/pourquoi-caa-quebec/,1,Product
http://www.caaquebec.com/Nouvelles/CommuniquesDePresse/CommuniquesPresseDetail.htm?lang=en&ID=686d224a-92ca-4d8e-a58c-c5b14cd6c843,1,Campaign
https://www.caaquebec.com/fr/auto/conseils/capsules-conseils/conseil/show/sujet/peut-on-depasser-un-cycliste/,1,Blog
https://www.caaquebec.com/fr/auto/conseils/capsules-conseils/conseil/show/sujet/chauffe-moteur-soyez-branche/,1,Blog
https://www.caaquebec.com/en/at-home/advice/tips-and-tricks/tip-and-trick/show/sujet/10-tips-for-selling-your-home-fast/,1,Blog
https://www.caaquebec.com/fr/a-la-maison/conseils/capsules-conseils/conseil/show/sujet/votre-maison-manque-t-elle-dair-de-compensation-1/,1,Blog
https://www.caaquebec.com/en/for-your-insurance/tips/tips-and-tricks/sujet/do-you-need-trip-cancellation-and-interruption-insurance/,1,Blog
https://www.caaquebec.com/fr/a-la-maison/conseils/capsules-conseils/conseil/show/sujet/louverture-dune-piscine-en-7-etapes/,1,Blog
https://www.caaquebec.com/fr/actualite/communiques-de-presse/article/des-vacances-sous-le-signe-de-la-sagesse-confirme-le-sondage-dintentions-de-vacances-de-caa-quebec/,1,Campaign
https://www.caaquebec.com/fr/auto/conseils/capsules-conseils/conseil/show/sujet/les-odeurs-nocives-dun-vehicule-neuf/,1,Blog
https://www.caaquebec.com/fr/auto/conseils/capsules-conseils/conseil/show/sujet/quelle-duree-de-vie-pour-la-batterie-de-votre-vehicule-electrique/,1,Blog
https://www.caaquebec.com/fr/sur-la-route/conseils/outils-et-references/garantie-des-vehicules-neufs/garanties-des-vehicules-neufs-2019/,1,Blog
http://www.caaquebec.com/Voyage/MagasinezEtReservez/Promotions/Offrez-vous-Europe.htm?lang=fr,1,Campaign
https://www.caaquebec.com/fr/auto/conseils/capsules-conseils/conseil/show/sujet/vous-achetez-une-voiture-passez-dabord-a-linspection/,1,Blog
https://www.caaquebec.com/fr/auto/conseils/capsules-conseils/conseil/show/sujet/rouler-avec-des-pneus-dhiver-en-ete-un-pari-risque/,1,Blog
http://www.caaquebec.com/Automobile/InspectionEvaluationVehicules/Centre-Verification-Technique.htm?lang=en,1,Product
https://www.caaquebec.com/fr/a-la-maison/conseils/capsules-conseils/conseil/show/sujet/renovation-contrat-et-garantie/,1,Blog
https://www.caaquebec.com/fr/sur-la-route/services/service-routier-durgence/?utm_id=Caa_quebec,1,Campaign
https://www.caaquebec.com/en/at-home/approved-suppliers/,1,Tool
https://www.caaquebec.com/en/for-your-insurance/tips/tips-and-tricks/sujet/vehicle-rentals-and-insurance-what-you-need-to-know/,1,Blog
http://www.caaquebec.com/Nouvelles/CommuniquesDePresse/CommuniquesPresseDetail.htm?lang=fr&ID=c65e8144-f319-4b6d-a8c8-87e4b49182c1,1,Campaign
https://www.caaquebec.com/fr/auto/conseils/capsules-conseils/conseil/show/sujet/demarrer-son-auto-par-temps-froid/,1,Blog
https://www.caaquebec.com/en/news/news/article/54-of-snowbirds-still-hope-to-go-south-this-year/,1,Campaign
https://www.caaquebec.com/fr/sur-la-route/services/verification-de-sieges-dauto-pour-enfants/resultats/region/monteregie,1,Campaign
http://www.caaquebec.com/Automobile/SecuriteRoutiere/SiegesEnfants/Sieges-Auto-Enfants.htm,1,Campaign
https://www.caaquebec.com/en/on-the-road/services/registration-and-drivers-licence/,1,Campaign
https://www.caaquebec.com/fr/a-la-maison/conseils/capsules-conseils/conseil/show/sujet/chercher-et-louer-un-premier-appart-petit-guide/,1,Blog
https://www.caaquebec.com/fr/a-la-maison/conseils/capsules-conseils/conseil/show/sujet/panne-delectricite-en-hiver-comment-sy-preparer/,1,Blog
https://www.caaquebec.com/fr/actualite/nouvelles/article/winter-tires-5-dos-and-5-donts-from-caa-quebec,1,Campaign
http://www.caaquebec.com/Habitation/TrucsEtConseils/CapsulesConseilsDetail.htm?TipsID=fa4e425f-5a67-4185-a167-fa587eeadd16&HighlightPostingInNavigation=6C6D39A4-8BBF-4030-91A0-5FA9E4FEA2B1&lang=fr,1,Blog
http://www.caaquebec.com/promo/adhesion-1/index.html,1,Product
https://www.caaquebec.com/nc/fr/a-la-maison/conseils/capsules-conseils/conseil/show/sujet/infiltrations-deau/,1,Blog
https://www.caaquebec.com/fr/actualite/communiques-de-presse/article/vacances-estivales-des-quebecois-un-impact-marginal-des-prix-a-la-pompe-sur-les-intentions/,1,Campaign
https://www.caaquebec.com/fr/a-la-maison/guides/guide-pour-une-maison-en-sante/le-formaldehyde/,1,Blog
https://www.caaquebec.com/Automobile/SecuriteRoutiere/SiegesEnfants/Sieges-Auto-Enfants.htm?&MSHiC=65001&L=4&W=ENFANCE%20ENFANT%20ENFANTS%20INSTALL%C3%89%20INSTALL%C3%89E%20INSTALL%C3%89ES%20INSTALL%C3%89S%20INSTALLA%20INSTALLANT%20INSTALLATEUR%20INSTALLATEURS%20INSTALLATION%20INSTALLATIONS%20INSTALLENT%20INSTALLER%20INSTALLERA%20INSTALLEZ%20SI%C3%88GE%20SI%C3%88GES%20&Pre=%3CFONT%20STYLE%3D%22color%3A%20%23000000%3B%20background-color%3A%20%23FFFF00%22%3E&Post=%3C/FONT%3E&lang=fr,1,Campaign
https://www.caaquebec.com/fr/sur-la-route/services/verification-de-sieges-dauto-pour-enfants/resultats/region/monteregie/,1,Campaign
https://www.caaquebec.com/fr/auto/conseils/capsules-conseils/conseil/show/sujet/comment-maximiser-votre-confort-en-voiture-cet-hiver/,1,Blog
https://www.caaquebec.com/en/news/press-releases/article/prix-de-lessence-en-2015-un-repit-pour-certains-et-un-constat-brutal-pour-montreal/,1,Campaign
http://www.caaquebec.com/Automobile/Immatriculation-Permis/immatriculation-permis.htm?lang=en,1,Tool
https://www.caaquebec.com/fr/nous-joindre/contact/detail/centres-de-verification/,1,Product
https://www.caaquebec.com/en/at-home/guides/guide-to-insect-pests/wasps/,1,Blog
https://www.caaquebec.com/fr/a-la-maison/conseils/capsules-conseils/conseil/show/sujet/barres-de-surtension-pour-eviter-les-dommages/,1,Blog
http://www.caaquebec.com/Nouvelles/Equipe-Media.htm?lang=en,1,Product
https://www.caaquebec.com/fr/a-la-maison/conseils/capsules-conseils/conseil/show/sujet/les-accidents-a-la-maison/,1,Blog
https://www.caaquebec.com/fr/sur-la-route/interets-publics/securite-routiere/brigade-scolaire/,1,Campaign
http://www.caaquebec.com/Nouvelles/CommuniquesDePresse/CommuniquesPresseDetail.htm?lang=fr&ID=6132a9e9-a85f-439b-8e1e-9ecbbe1c546f,1,Campaign
http://www.caaquebec.com/en/index.asp,1,Product
https://www.caaquebec.com/fr/auto/conseils/capsules-conseils/conseil/show/sujet/les-12-indispensables-dune-trousse-durgence-hivernale-pour-la-voiture/,1,Blog
https://www.caaquebec.com/fr/sur-la-route/interets-publics/mobilite-durable/bornes-de-recharge/,1,Product
https://www.caaquebec.com/fr/actualite/communiques-de-presse/intentions-de-vacances-2017-resultats/,1,Campaign
https://www.caaquebec.com/fr/magazine-caa-quebec/moment-magique-dans-la-vallee-de-la-mort/,1,Tool
https://www.caaquebec.com/en/at-home/guides/your-healthy-home-guide/temperature-and-humidity-,1,Blog
https://www.caaquebec.com/fr/pour-vos-assurances/assurance-auto/,1,Product
http://www.caaquebec.com/fileadmin/documents/PDF/Sur_la_route/Securite_routiere/Lettres_ouvertes/La_Presse_fr.pdf,1,Campaign
https://www.caaquebec.com/fr/sur-la-route/conseils/essais-routiers/action/show/essai/1983/3/,1,Blog
